first,last,address,city,state,zip,county,phone,child 1,child 2
1,2,3,4,5,6,7,8,"first first first last, first dob","second first second last, second dob"
first,last,address,city,state,zip,county,phone
,,,,,,,
,,,,,,,
,,,,,,,
,,,,,,,
,,,,,,,
,,,,,,,
Nate,Schmitt,123 Main St.,Cincinnati,OH,12345,Milford,123-456-7890,"paul last, 2010-01-01","joe smith, 2018-05-05"
first,last,address,city,state,zip,county,phone,child 1
Nate,Schmitt,123 Main St.,Cincinnati,OH,12345,Milford,123-456-7890,"Hi Loser, 2012-12-12"
Nate,Schmitt,123 Main St.,Cincinnati,OH,12345,Milford,123-456-7890,"Hi Loser, 2012-12-12"
Nate,Schmitt,123 Main St.,Cincinnati,OH,12345,Milford,123-456-7890,"joe mom, 2019-01-01"
Nate,Schmitt,123 Main St.,Cincinnati,OH,12345,Milford,123-456-7890,"joe mom, 2019-01-01"
Nate,Schmitt,123 Main St.,Cincinnati,OH,12345,Milford,123-456-7890,"keenan kel, 2019-01-01"
Nate,Schmitt,123 Main St.,Cincinnati,OH,12345,Milford,123-456-7890,"ad daf, 2019-10-16"
Nate,Schmit,123 Main St.,Cincinnati,OH,12345,Milford,123-456-7890,"kid kiderson, 2016-01-01"
Nate,Schmit,123 Main St.,Cincinnati,OH,12345,Milford,123-456-7890,"jack johnson, 1561-01-01"
Nate,Schmit,123 Main St.,Cincinnati,OH,12345,Milford,123-456-7890,"asdf asdfa, 2019-10-16"
first,last,address,city,state,zip,county,phone,child 1
Nate,Schmit,123 Main St.,Cincinnati,OH,12345,Milford,123-456-7890,"asdf asdfa, 2019-10-16"
Nate,Schmit,123 Main St.,Cincinnati,OH,12345,Milford,123-456-7890,"adsf adsfas, 2019-10-07"
first,last,address,city,state,zip,county,phone,child 1
Nate,Schmit,123 Main St.,Cincinnati,OH,12345,Milford,123-456-7890,"asd asd, 2012-12-12"
first,last,dob,address,city,state,zip,county,phone,child 1
TRAVIS,HOYT,,1828 MARINETTE DR,SPRINGFIELD,,undefined,USA,undefined,"Charlie Chaplin, 10/23/2019"
TRAVIS,HOYT,,1828 MARINETTE DR,SPRINGFIELD,,undefined,USA,undefined,"N!gao SDJKLdasjbvdkbsdnhcjhdjfcddbffmgfgfcgnhghcfghfdgftrcdfrdxggfxthyrtgetsdzegzrgtdrsryehcdaeyrgbv, 10/23/2019"
,,,,,OR,,,,"Peter Parker, 10/31/2016"
Billie,Eilish,12/24/2231,fffff,ffff,PA,31313,gafaff,444-444-4414,"fsdfar fagagag, 10/9/2019"
false,Debian,agagag,Fine,ad,AZ,31313,gggt,666-666-6665,"Captain Atom, Johnson"
